id,name,street,town,area,lat,lng,provider
1273,ABB Alnabru,"Ole Deviks vei 10, 0666 Oslo",Oslo,Oslo,59.91501,10.82592,Mer
121,"Aker Brygge P-hus, Oslo","Sjøgata 4, 0250 Oslo",Oslo,Oslo,59.91037,10.72454,EuroPark AS
4291,"Akershus festning, Oslo","Myntgata 2, 0151 Oslo",Oslo,Oslo,59.90907,10.7373,Oslo kommune
1856,"Akersveien, Oslo","Akersveien 33, 0177 Oslo",Oslo,Oslo,59.92092,10.74633,Oslo kommune
3031,Alf Bjerckes vei 22 C,"Alf Bjerckes vei 22 C, 0582 Oslo",Oslo,Oslo,59.93616,10.83841,Aspelin Ramm Drift AS
1295,"Alf Bjerckes vei 28, Oslo","Alf Bjerckes vei 28, 0582 Oslo",Oslo,Oslo,59.93635,10.83878,Alf Bjerckes vei 28 AS
40,Alna Senter,"Strømsveien 245, 0668 Oslo",Oslo,Oslo,59.92629,10.84737,Alna senter
4168,Alna senter,"Strømsveien 245, 0668 Oslo",Oslo,Oslo,59.92586,10.84814,Mer
2016,"Alnafetgata, Oslo","Alnafetgata 2, 0192 Oslo",Oslo,Oslo,59.90254,10.77179,Oslo Kommune
3618,"Ammerudhellinga, Oslo","Ammerudhellinga 47, 0959 Oslo",Oslo,Oslo,59.96186,10.87155,Oslo kommune
6418,Ammerudveien,"Ammerudveien 27, 0958 Oslo",Oslo,Oslo,59.96196,10.87194,Oslo kommune
6847,Arnljot Gellines vei 31-35,"Arnljot Gellines vei 31-35, 0657 Oslo",Oslo,Oslo,59.9057339,10.7980102,Oslo kommune
6848,Arups gate 10-14,"Arups gate 10-14, 0192 Oslo",Oslo,Oslo,59.907281,10.769869,Oslo kommune
1041,"Arups gate, Oslo","Arups gate 6, 0192 Oslo",Oslo,Oslo,59.90754,10.76871,Oslo kommune
6431,Arvid Storsveens plass,"Arvid Storsveens plass , 0851 Oslo",Oslo,Oslo,59.93959,10.72705,Oslo kommune
1055,"Askekroken, Oslo","Askekroken , 0276 Oslo",Oslo,Oslo,59.92327,10.68135,Oslo kommune
6849,Asperudlia,"Asperudlia 78, 1258 Oslo",Oslo,Oslo,59.8395,10.79925,Oslo kommune
8070,BKK Hurtigladestasjon Alna senter,"Strømsveien 245, 0668 Oslo",Oslo,Oslo,59.92642,10.84788,BKK
8027,BKK Hurtigladestasjon Grorud Senter,"Bergensveien 2, 0963 Oslo",Oslo,Oslo,59.96038,10.88157,BKK
7455,BKK Hurtigladestasjon Linderud Senter,"Erich Mogensøns vei 38, 0594 Oslo",Oslo,Oslo,59.94275,10.83544,BKK
3489,"Badebakken, Oslo","Badebakken 2, 0467 Oslo",Oslo,Oslo,59.94607,10.76105,Oslo kommune
60,"Baldersgate, Oslo","Baldersgate 9-13, 0263 Oslo",Oslo,Oslo,59.91928,10.71118,Oslo kommune
199,"Bankplassen P-hus, Oslo","Bankplassen 1, 0151 Oslo",Oslo,Oslo,59.90835,10.74068,Q-park
3279,"Bergljots vei, Oslo","Bergljots vei 11, 0575 Oslo",Oslo,Oslo,59.92339,10.7838,Oslo kommune
1059,"Bernt Ankers gate, Oslo","Bernt Ankers gate 2, 0182 Oslo",Oslo,Oslo,59.91481,10.75364,Oslo kommune
6414,Betty Kjelsbergs vei,"Betzy Kjelsbergs vei 18, 0486 Oslo",Oslo,Oslo,59.95407,10.77044,Oslo kommune
6730,Biermanns gate,"Biermanns gate 2, 0473 Oslo",Oslo,Oslo,59.93064,10.75974,Oslo kommune
1069,Birger N. Haug Oslo,"Haraldrudveien 9, 0581 Oslo",Oslo,Oslo,59.93085,10.82448,Recharge/Birger N. Haug
6850,Birger Olivers vei,"Birger Olivers vei 10, 1176 Oslo",Oslo,Oslo,59.875325,10.7935221,Oslo kommune
702,"Bjerke travbane, Oslo","Trondheimsveien 271-273, 0510 Oslo",Oslo,Oslo,59.94175,10.81196,Bjerke travbane AS
83,"Bjerregaardsgate, Oslo","Bjerregaardsgate 28, 0172 Oslo",Oslo,Oslo,59.92474,10.74454,Oslo kommune
3276,Bjølsen,"Stavangergata 44, 0468 Oslo",Oslo,Oslo,59.94396,10.75918,Recharge
6424,Bjørn Farmanns gate 12-16,"Bjørn Farmanns gate 12, 0271 Oslo",Oslo,Oslo,59.91198,10.70683,Oslo kommune
6836,Bogstad Camping,"Ankerveien 117, 0766 Oslo",Oslo,Oslo,59.96255,10.64193,Recharge
2497,"Bogstadsveien, Oslo","Bogstadsveien , 0355 Oslo",Oslo,Oslo,59.92454,10.72457,Oslo kommune
994,"Bogstadveien 1 P-hus, Oslo","Bogstadveien 1, 0355 Oslo",Oslo,Oslo,59.9241,10.72557,Q-park AS
2498,"Borggata , Oslo","Borggata 4, 0650 Oslo",Oslo,Oslo,59.9122,10.77012,Oslo kommune
4696,Brageveien 2,"Brageveien 2, 0358 Oslo",Oslo,Oslo,59.93115,10.73407,Oslo kommune
6851,Bredo Stabells vei,"Bredo Stabells vei , 0853 Oslo",Oslo,Oslo,59.9430184,10.7450581,Oslo kommune
1096,"Briskeby, Oslo","Industrigata 15, 0259 Oslo",Oslo,Oslo,59.92344,10.71645,Oslo kommune
5793,Brobekkveien  114,"Brobekkveien 114, 0582 Oslo",Oslo,Oslo,59.92637,10.83275,IKT Elektro
6650,Brobekkveien 114,"Brobekkveien 114, 0582 Oslo",Oslo,Oslo,59.92637,10.83275,Plugpay AS
5946,Brobekkveien 28,"Brobekkveien 28, 0598 Oslo",Oslo,Oslo,59.9408,10.82523,Oslo kommune
3155,Bryn P-plass,"Østensjøveien 64, 0668 Oslo",Oslo,Oslo,59.90756,10.81848,Oslo kommune
4869,Bryn senter,"Østensjøveien 79, 0667 Oslo",Oslo,Oslo,59.90364,10.82152,Recharge
3494,Båhusveien. Oslo,"Båhusveien 28, 0573 Oslo",Oslo,Oslo,59.9322,10.78233,Oslo kommune
6852,Bård skolemesters vei,"Øyvinds vei 1, 0590 Oslo",Oslo,Oslo,59.9447785,10.8099579,Oslo kommune
2726,"Bølerlia, Oslo","Bølerlia 22, 0691 Oslo",Oslo,Oslo,59.87854,10.8463,Oslo kommune
192,"CC Vest, P-hus vest","Lilleakerveien 16, 0283 Oslo",Oslo,Oslo,59.91633,10.63683,CC Vest
5202,"CC Vest, P-hus øst","Lilleakerveien 16, 0283 Oslo",Oslo,Oslo,59.91724,10.63701,CC Vest
5203,"CC vest, P-hus nord","Lilleakerveien 16, 0283 Oslo",Oslo,Oslo,59.91857,10.63498,CC vest
3359,Care Center Continentalgarasjen,"Klingenberggata 3, 0161 Oslo",Oslo,Oslo,59.91379,10.73308,Care Center
3360,"Care Center RadissonBLU Plaza, Oslo","Sonja Henies plass 3, 0134 Oslo",Oslo,Oslo,59.91266,10.75622,Care Center
2201,"Caspar Storms vei, Oslo","Caspar Storms vei 14, 0664 Oslo",Oslo,Oslo,59.92054,10.82887,Q-park
1661,Chr. Kroghkvartalet p-hus,"Christian Krohgs gate 39, 0186 Oslo",Oslo,Oslo,59.91604,10.7593,"Q-park, Christian Krohgs gate 39/41/43 AS"
6302,Christian Michelsens gate 3,"Christian Michelsens gate 3C, 0568 Oslo",Oslo,Oslo,59.92676,10.77495,Mer
6853,Christophers vei,"Christophers vei 1-9, 0871 Oslo",Oslo,Oslo,59.949674,10.752089,Oslo kommune
5688,Circle K Abildsø,"Lambertseterveien 70, 1187 Oslo",Oslo,Oslo,59.87918,10.819441,Circle K
3685,Circle K Bjerke,"Økern Torgvei 100, 0589 Oslo",Oslo,Oslo,59.94176,10.80939,Mer
6675,Circle K Brynseng,"Østensjøveien 32, 0667 Oslo",Oslo,Oslo,59.9117,10.81092,Circle K
6068,Circle K Furuset E6,"Tevlingveien 19, 1081 Oslo",Oslo,Oslo,59.93045,10.86724,Circle K
5770,Circle K Kiellands plass,"Uelands gate 55, 0175 Oslo",Oslo,Oslo,59.928799,10.750504,Circle K
3759,Circle K Skøyen,"Drammensveien 161B, 0277 Oslo",Oslo,Oslo,59.92205,10.67504,Mer
4035,Circle K Storo,"Vitaminveien 1B, 0485 Oslo",Oslo,Oslo,59.94625,10.77653,Mer
1111,Circle K Økern,"Østre Aker vei 29, 0581 Oslo",Oslo,Oslo,59.927573,10.810053,Circle K
1287,"Cockhaven Forening, Oslo","Arkitekt Steckmests vei 2-4, 0198 Oslo",Oslo,Oslo,59.87718,10.76058,Cockhaven Forening
6854,Colbjørnsens gate,"Colbjørnsens gate 15, 0260 Oslo",Oslo,Oslo,59.9178396,10.7149315,Oslo kommune
3208,Colosseum P-hus,"Essendropsgate 5, 0368 Oslo",Oslo,Oslo,59.92926,10.71083,Q-Park
6911,"Colosseum P-hus, Plan K1","Essendrops gate 5, 0368 Oslo",Oslo,Oslo,59.92891,10.70998,Aimo Park Norway AS
3287,"Coop OBS Bygg Grorud, Oslo","Haavard Martinsens vei 7, 0978 Oslo",Oslo,Oslo,59.95563,10.9037,Recharge
2322,"Dalsbergstien P-hus, Oslo","Dalsbergstien 19, 0170 Oslo",Oslo,Oslo,59.92308,10.73293,Time Park
6495,Damplassen,"Damplassen , 0852 Oslo",Oslo,Oslo,59.94374,10.73349,Oslo kommune
1855,"Dannevigsveien, Oslo","Dannevigsveien 6, 0463 Oslo",Oslo,Oslo,59.93649,10.75492,Oslo kommune
920,"Diakonhjemmet sykehus, Oslo","Hartvig Halvorsens vei 2, 0370 Oslo",Oslo,Oslo,59.93707,10.70346,Diakonhjemmet sykehus
3278,"Diakonhjemmet sykehus, stor parkeringsplass, Oslo","Borgenveien 5, 0370 Oslo",Oslo,Oslo,59.93447,10.70306,Diakonhjemmet sykehus
3180,"Digiplex, Oslo","Ulvenveien 89b, 0581 Oslo",Oslo,Oslo,59.92473,10.81018,Digiplex
1884,Drammensbanen,"Bygdøy Allé 107, 0273 Oslo",Oslo,Oslo,59.91918,10.6929,Oslo kommune
4297,Drammensveien 288,"Drammensveien 288, 0283 Oslo",Oslo,Oslo,59.91367,10.64475,Q-Park AS
350,"Drammensveien/H.Svartesgt, Oslo","Drammensveien 116A, 0273 Oslo",Oslo,Oslo,59.92009,10.69117,Oslo kommune
6514,Dælenenggata 40,"Dælenggata 40, 0567 Oslo",Oslo,Oslo,59.92955,10.76551,Oslo kommune
73,"Eckersbergs gate, Oslo","Eckersbergs gate 13, 0266 Oslo",Oslo,Oslo,59.92011,10.70113,Oslo kommune
2499,"Eckersbergs gate/Frognerveien, Oslo","Eckersbergs gate , 0266 Oslo",Oslo,Oslo,59.92008,10.70661,Oslo kommune
382,"Eco Fuel, Oslo","Madserud alle 13, 0274 Oslo",Oslo,Oslo,59.9228,10.69305,Eco Fuel AS
2500,Edvard Munchs vei,"Edvard Munchs vei , 1063 Oslo",Oslo,Oslo,59.93601,10.91792,Oslo kommune
70,"Eilert Sundts gate, Oslo","Eilert Sundts gate 51-59, 0355 Oslo",Oslo,Oslo,59.92457,10.72317,Oslo kommune
2639,Ekebergveien,"Ekebergveien 109, 1178 Oslo",Oslo,Oslo,59.88979,10.77765,Oslo kommune
6855,Ensjøveien,"Ensjøveien 14, 0655 Oslo",Oslo,Oslo,59.9141843,10.7881987,Oslo kommune
6303,Erling Michelsens vei,"Erling Michelsens vei 11, 1061 Oslo",Oslo,Oslo,59.93745,10.90548,Oslo kommune
6790,Esso Alna,"Strømsveien 241B, 0668 Oslo",Oslo,Oslo,59.92529,10.84476,Recharge
7075,Esso Ryen,"Enebakkveien 139, 0680 Oslo",Oslo,Oslo,59.8945622,10.8050726,Recharge
6882,Esso Sogn,"Torgny Segerstedts vei 11, 0372 Oslo",Oslo,Oslo,59.9482687,10.7244975,Recharge
2637,"Etterstadsletta, Oslo","Etterstadsletta 55, 0660 Oslo",Oslo,Oslo,59.91062,10.80323,Oslo kommune
2195,"Europark Sørenga, Oslo","Sørenga 2, 0150 Oslo",Oslo,Oslo,59.90242,10.75423,EuroPark AS
77,"Falbesgate, Oslo","Falbesgate 9, 0170 Oslo",Oslo,Oslo,59.92216,10.7357,Oslo kommune
1516,"Feddersens gate, Oslo","Feddersens gate 3, 0473 Oslo",Oslo,Oslo,59.93303,10.76187,Oslo kommune
2501,Feltspatveien,"Feltspatveien , 1155 Oslo",Oslo,Oslo,59.86971,10.82145,Oslo kommune
338,Filipstad P-plass,"Filipstadkaia , 0250 Oslo",Oslo,Oslo,59.90994,10.72094,Oslo kommune
6856,Flaengrenda,"Flaengrenda 18-40, 0953 Oslo",Oslo,Oslo,59.9552312,10.8728496,Oslo kommune
6472,Folke Bernadottes vei,"Folke Bernadottes vei 43, 0862 Oslo",Oslo,Oslo,59.96265,10.73778,Oslo kommune
6857,Fossumberget,"Fossumberget 5-51, 0983 Oslo",Oslo,Oslo,59.9605,10.932314,Oslo kommune
75,"Fougstads gate, Oslo","Fougstads gate 35-37, 0173 Oslo",Oslo,Oslo,59.92877,10.64613,Oslo kommune
2203,Fredensborgveien 24,"Fredensborgveien 24, 0177 Oslo",Oslo,Oslo,59.91893,10.74768,Q-park
1291,"Fredensborgveien 4, Oslo","Fredensborgveien 4, 0177 Oslo",Oslo,Oslo,59.91763,10.74605,Finn Hansen Eiendom AS
2503,"Frederik Glads gate, Oslo","Frederik Glads gate 24, 0482 Oslo",Oslo,Oslo,59.94281,10.77524,Oslo kommune
5013,Frogner Neuberggata,"Neuberggata 11, 0367 Oslo",Oslo,Oslo,59.92572,10.71487,Recharge
78,"Frognerparken, Oslo","Frognerparken , 0368 Oslo",Oslo,Oslo,59.92883,10.70671,Oslo kommune
822,"Frydenlund borettslag, Oslo","Dragonstien 99, 1062 Oslo",Oslo,Oslo,59.93731,10.91421,Frydenlund borettslag/OBOS
268,Frydenlundgata,"Frydenlundgata 3A, 0169 Oslo",Oslo,Oslo,59.92354,10.73682,Oslo kommune
293,"Frysjaparken, Oslo","Kjelsåsveien 172, 0884 Oslo",Oslo,Oslo,59.96693,10.76845,Frysjaparken DA
1075,"Fyrstikktorget Helsfyr, Oslo","Svovelstikka 3, 0661 Oslo",Oslo,Oslo,59.91315,10.79628,Oslo kommune
4762,Gabels gate,"Gabels gate 38, 0272 Oslo",Oslo,Oslo,59.91568,10.71027,Oslo kommune
4945,Galleriet Vest/Schweigaardsgate 4,"Sonja Henies plass 1, 0185 Oslo",Oslo,Oslo,59.91209,10.75484,Europark/Galleriet Parkering AS
180,"Galleriet Øst P-hus, Oslo","Tøyenbekken 21, 0188 Oslo",Oslo,Oslo,59.91175,10.76154,EuroPark AS
1481,"Gamlebyen Gravlund, Oslo","Ekebergveien 8, 0192 Oslo",Oslo,Oslo,59.90265,10.77104,Oslo kommune
2502,"Gangstuveien, Oslo","Gangstuveien , 0952 Oslo",Oslo,Oslo,59.95269,10.8787,Oslo kommune
4262,Gladengveien 3B,"Gladengveien 3B, 0661 Oslo",Oslo,Oslo,59.91467,10.7903,Ragde Eiendom
6416,Golfstubben 21-25,"Golfstubben 21-25, 0757 Oslo",Oslo,Oslo,59.96066,10.63156,Recharge
4069,"Grankollen Sameie, Oslo","Bølerbakken 2, 0690 Oslo",Oslo,Oslo,59.88591,10.84731,Grankollen Sameie
1063,Grefsenveien,"Grefsenveien 103, 0489 Oslo",Oslo,Oslo,59.95492,10.78607,Oslo kommune
1488,Grefsenveien,"Grefsenveien 63, 0487 Oslo",Oslo,Oslo,59.94557,10.78238,Oslo kommune
2021,"Grevlingveien, Oslo","Grevlingveien 5, 0595 Oslo",Oslo,Oslo,59.94409,10.84857,Oslo kommune
6493,Grorud innfartsparkering,"Trondheimsveien 466, 0962 Oslo",Oslo,Oslo,59.96032,10.88406,Oslo kommune
6515,Gråsteinveien 24,"Gråsteinveien 24, 1157 Oslo",Oslo,Oslo,59.86783,10.81612,Oslo kommune
4946,Grønland Torg P-Hus,"Tøyenbekken 19, 1056 Oslo",Oslo,Oslo,59.91196,10.76202,Grønnland Torg Parkering AS
349,"Grønlandsleiret, Oslo","Grønlandsleiret 15, 0190 Oslo",Oslo,Oslo,59.91227,10.76497,Oslo kommune
1671,"Grønnegata, Oslo","Grønnegata 2, 0350 Oslo",Oslo,Oslo,59.92126,10.72798,Oslo kommune
6858,Gustav Vigelands vei,"Gustav Vigelands vei 5-7, 0274 Oslo",Oslo,Oslo,59.923669,10.688753,Oslo kommune
2504,Gyldenløves gate,"Gyldenløves gate 10, 0260 Oslo",Oslo,Oslo,59.91869,10.71503,Oslo kommune
2505,"Gøteborggata II, Oslo","Gøteborggata 14, 0566 Oslo",Oslo,Oslo,59.92543,10.76803,Oslo kommune
347,"Gøteborggata, Oslo","Gøteborggata 9, 0566 Oslo",Oslo,Oslo,59.92415,10.76681,Oslo kommune
3343,"Hagapynten, Oslo","Hagapynten 13, 0673 Oslo",Oslo,Oslo,59.92122,10.8521,Oslo kommune
86,Hammersborg Torg,"Hammersborg Torg 1, 0179 Oslo",Oslo,Oslo,59.91674,10.7478,Oslo kommune
3183,Hans Nielsens Hauges gate  44,"Hans Nielsens Hauges gate 44, 0481 Oslo",Oslo,Oslo,59.93913,10.77694,Oslo kommune
6432,Hansteens gate,"Hansteens gate 14-18, 0253 Oslo",Oslo,Oslo,59.91336,10.72212,Oslo kommune
5981,Haraløkka parkeringsplass,"Nøklevannsveien 1, 0689 Oslo",Oslo,Oslo,59.88061,10.85663,Oslo kommune
6859,Haslevollen,"Haslevollen 3, 0579 Oslo",Oslo,Oslo,59.925464,10.791247,Oslo kommune
6420,Haugerudhagan 3A,"Haugerudhagan 3A, 0673 Oslo",Oslo,Oslo,59.91751,10.84755,Oslo kommune
2506,"Hauketo jernbanestasjon, Oslo","Nedre Prinsdals vei 1, 1266 Oslo",Oslo,Oslo,59.84844,10.80304,Oslo kommune
3281,Havreveien,"Havreveien 38, 0680 Oslo",Oslo,Oslo,59.89316,10.81105,Oslo kommune
216,"Hollendergata, Oslo","Hollendergata 5, 0190 Oslo",Oslo,Oslo,59.90998,10.76636,Oslo kommune
7291,Holmenkollbakken,"Kongeveien 40, 0787 Oslo",Oslo,Oslo,59.96459,10.66651,Oslo kommune
7290,Holmenkollen Nasjonalanlegg,"Holmenkollveien 140, 0791 Oslo",Oslo,Oslo,59.96324,10.67044,Oslo kommune
1469,Holmenkollveien,"Holmenkollveien 204, 0791 Oslo",Oslo,Oslo,59.97809,10.68066,Oslo kommune
4797,Holmestrandgata,"Holmestrandgata , 0468 Oslo",Oslo,Oslo,59.94243,10.76148,Oslo kommune
1618,"Holmlia Senter P-hus, Oslo","Holmlia Senter vei , 1155 Oslo",Oslo,Oslo,59.83481,10.7956,OBOS Forretningsbygg AS
85,Huk P-plass,"Strømsborgveien 57, 0287 Oslo",Oslo,Oslo,59.89829,10.67482,Oslo kommune
1935,"Hvervenbukta, Oslo","Ljansbuktveien , 1250 Oslo",Oslo,Oslo,59.8347,10.77494,Oslo kommune
6872,Håkons gate,"Håkons gate 11-13, 0652 Oslo",Oslo,Oslo,59.910043,10.776544,Oslo kommune
3829,"IKEA Furuset, Oslo","Strømsveien 103, 1081 Oslo",Oslo,Oslo,59.93403,10.87253,Recharge
6860,Idas vei,"Idas vei 142-144, 0981 Oslo",Oslo,Oslo,59.950796,10.946725,Oslo kommune
3537,"Industrigata 40, Oslo","Industrigata 40, 0357 Oslo",Oslo,Oslo,59.92631,10.72069,Oslo kommune
1470,"Jacobs på Holtet, Oslo","Ekebergveien 145, 1178 Oslo",Oslo,Oslo,59.88118,10.78681,Jacobs
2507,Jens Bjelkes gate,"Jens Bjelkes gate 14, 0562 Oslo",Oslo,Oslo,59.91832,10.76528,Oslo kommune
7280,Jordalgata 12,"Jordalgata 12, 0657 Oslo",Oslo,Oslo,59.9090685,10.7818404,Oslo kommune
6434,Josefines gate 38,"Josefines gate 38, 0258 Oslo",Oslo,Oslo,59.92131,10.72178,Oslo kommune
6496,Jørgen Løvlands gate,"Jørgen Løvlands gate 23, 0569 Oslo",Oslo,Oslo,59.92988,10.77663,Oslo kommune
2274,Jørgen Moes gate,"Jørgen Moes gate , 0259 Oslo",Oslo,Oslo,59.92157,10.71901,Oslo kommune
4984,K89 Oslo,"Karihaugveien 89, 1086 Oslo",Oslo,Oslo,59.94071,10.91984,Recharge
2508,Kaare Røddes plass,"Kaare Røddes plass , 0576 Oslo",Oslo,Oslo,59.92024,10.78485,Oslo kommune
6422,Kampengata,"Kampengata 21, 0654 Oslo",Oslo,Oslo,59.91253,10.78192,Oslo kommune
2509,Kampheimveien,"Kampheimveien , 0685 Oslo",Oslo,Oslo,59.89624,10.84625,Oslo kommune
1665,"Karenslyst Allé 56 P-anlegg, Oslo","Karenslyst Allé 56, 0277 Oslo",Oslo,Oslo,59.92107,10.67809,Fram Eiendomdrift AS
2510,"Karl Staaffs vei, Oslo","Karl Staaffs vei , 0665 Oslo",Oslo,Oslo,59.91937,10.81321,Oslo kommune
229,"Keyserløkka Sør Borettslag, Oslo","Einars vei 23, 0575 Oslo",Oslo,Oslo,59.92249,10.7819,Keyserløkka Sør Brl
4661,Kiellands P-hus,"Waldemar Thranes gate 72, 0175 Oslo",Oslo,Oslo,59.92848,10.75043,Q-Park
80,Kirkegårdsgata,"Kirkegårdsgata 1, 0558 Oslo",Oslo,Oslo,59.92195,10.76385,Oslo kommune
2640,Kiwi Bjerke,"Økern torgvei 90, 0589 Oslo",Oslo,Oslo,59.94197,10.80913,Recharge
3014,Kiwi Bogstad,"Ankerveien 117, 0766 Oslo",Oslo,Oslo,59.962317,10.64335,Recharge
2296,Kiwi Mølla,"Thorvald Meyers gate 11, 0555 Oslo",Oslo,Oslo,59.92874,10.75789,Recharge
2276,Kjelsås stasjon,"Kjelsåsveien , 0491 Oslo",Oslo,Oslo,59.96612,10.78365,Oslo Kommune
921,"Kjølberggata, Oslo","Kjølberggata 27C, 0653 Oslo",Oslo,Oslo,59.91227,10.77737,Oslo kommune
1482,"Klaus Torgårdsvei, Oslo","Klaus Torgårdsvei 3, 0372 Oslo",Oslo,Oslo,59.94855,10.72508,Sognsveien 90 AS
3023,"Kolstadgata, Oslo","Kolstadgata 1, 0653 Oslo",Oslo,Oslo,59.91375,10.77424,Oslo kommune
62,Kongens P-plass Frognerkilen,"Frognerstranda 4, 0250 Oslo",Oslo,Oslo,59.9108,10.70557,Oslo kommune
89,"Kongens gate, Oslo","Kongens gate , 0153 Oslo",Oslo,Oslo,59.90775,10.73974,Oslo kommune
6435,Kongsvingergata 7-9,"Kongsvingergata 7-9, 0464 Oslo",Oslo,Oslo,59.93948,10.75497,Oslo kommune
237,"Kraft Foods Norge/Freia, Oslo","Seilduksgata 32, 0566 Oslo",Oslo,Oslo,59.92569,10.76531,Kraft Foods Norge Production AS
1979,Kranveien,"Kranveien , 0684 Oslo",Oslo,Oslo,59.90344,10.84625,Oslo kommune
2512,Krebs gate,"Krebs gate , 0478 Oslo",Oslo,Oslo,59.93577,10.76794,Oslo kommune
6861,Kristinelundveien,"Kristinelundveien 12-14, 0268 Oslo",Oslo,Oslo,59.920963,10.698015,Oslo kommune
1199,"Kværnerbyen, Oslo","Turbinveien 2, 0195 Oslo",Oslo,Oslo,59.90464,10.78652,Q-park / Lodalen Utvikling AS
341,"Kyrre Grepps gate, Oslo","Kyrre Grepps gate 4, 0481 Oslo",Oslo,Oslo,59.94107,10.77671,Oslo kommune
974,"Lambertseter senter p-hus, Oslo","Cecilie Thoresens vei 17-21, 1153 Oslo",Oslo,Oslo,59.8749,10.81093,Lambertseter senter/OBOS/Q-park
985,"Lambertseter senter ute, Oslo","Langbølgen 1, 1163 Oslo",Oslo,Oslo,59.87349,10.8117,EuroPark AS / OBOS
8013,Langgata 46 Oslo kommune,"Langgata 46, 0567 Oslo",Oslo,Oslo,59.92598,10.77226,Oslo kommune
2513,Leirfallsgata,"Leirfallsgata , 0550 Oslo",Oslo,Oslo,59.91913,10.75852,Oslo kommune
61,Lindemansgate,"Lindemansgate 2, 0267 Oslo",Oslo,Oslo,59.92178,10.70416,Oslo kommune
927,"Linderud senter, Oslo","Erich Mogensøns vei 38, 0594 Oslo",Oslo,Oslo,59.94313,10.83636,Linderud Senter
3478,Linderudkollen,"Solemskogen 886, 0496 Oslo",Oslo,Oslo,59.97211,10.81254,Oslo kommune
2514,Linderudveien,"Linderudveien 20, 0594 Oslo",Oslo,Oslo,59.94092,10.84133,Oslo kommune
6307,Lofsrudveien 282,"Lofsrudveien 282, 1281 Oslo",Oslo,Oslo,59.84216,10.83181,Oslo kommune
3174,Lovisenberg Diakonale Sykehus,"Lovisenberggata 17, 0456 Oslo",Oslo,Oslo,59.93336,10.74688,Lovisenberg Diakonale Sykehus
357,"Lovisenberg, Oslo","Lovisenberggata 4F, 0456 Oslo",Oslo,Oslo,59.9322,10.74366,Oslo kommune
1819,"Lysebu Kurs- og konferansesenter, Oslo","Lysebuveien 12, 0790 Oslo",Oslo,Oslo,59.97724,10.65551,"Lysebu Kurs- og konferansesenter, Oslo"
3282,"Lørenveien 11, Oslo","Lørenveien 11, 0585 Oslo",Oslo,Oslo,59.9326,10.7871,Oslo kommune
4255,Løvenskiolds gate 26,"Løvenskiolds gate 26, 0260 Oslo",Oslo,Oslo,59.9225,10.71584,Kiwi Briskeby
1659,"Make Invest AS, Oslo","Maridalsveien 10, 0178 Oslo",Oslo,Oslo,59.92074,10.7513,Make Invest AS
7241,Manglerud senter,"Plogveien 6, 0679 Oslo",Oslo,Oslo,59.8976658,10.8147651,Mer
6722,Manglerudveien 5,"Manglerudveien 5, 0678 Oslo",Oslo,Oslo,59.90023,10.80571,Oslo kommune
969,"Maridalen skole, Oslo","Gamle Maridalsvei 47, 0890 Oslo",Oslo,Oslo,60.00465,10.76345,Undervisningsbygg KF
359,Maridalsveien,"Maridalsveien 39, 0175 Oslo",Oslo,Oslo,59.92764,10.75108,Oslo kommune
6436,Maridalsveien 205,"Maridalsveien 205, 0469 Oslo",Oslo,Oslo,59.94239,10.76291,Oslo kommune
2216,Marstrandsgate  6,"Marstrandsgate 6, 0566 Oslo",Oslo,Oslo,59.92681,10.76911,Q-Park
5887,Matkroken,"Karl Staffs vei 10, 0665 Oslo",Oslo,Oslo,59.91928,10.81691,Charge365
1119,Mauritz Hansens gate,"Mauritz Hansens gate 2, 0350 Oslo",Oslo,Oslo,59.92116,10.73093,Oslo kommune
1958,"McDonald's Alnabru, Oslo","Strømsveien 241, 0668 Oslo",Oslo,Oslo,59.92508,10.84307,Recharge
1816,McDonalds Furuset,"Tevlingveien 17, 1081 Oslo",Oslo,Oslo,59.93114,10.86901,Recharge
3733,McDonalds Gaustad,"Klaus Torgårds vei 3, 0372 Oslo",Oslo,Oslo,59.94838,10.72313,Recharge
3331,McDonalds Grorud,"Grorudveien 73, 0976 Oslo",Oslo,Oslo,59.94968,10.88556,Recharge
3490,Mekanikerveien,"Mekanikerveien 5, 0683 Oslo",Oslo,Oslo,59.90345,10.84061,Oslo kommune
2200,"Meny Brobekkveien, Oslo","Brobekkveien 52, 0598 Oslo",Oslo,Oslo,59.93647,10.82698,Q-park
3597,Mer Circle K Furuset,"Tevlingveien 19, 1081 Oslo",Oslo,Oslo,59.93053,10.86732,Mer
1615,"Meteorologisk institutt, Oslo","Henrik Mohns Plass 1, 0313 Oslo",Oslo,Oslo,59.94269,10.7208,Meteorologisk institutt
6862,Midtåsen,"Midtåsen 51-53, 1166 Oslo",Oslo,Oslo,59.853411,10.795946,Oslo kommune
3344,"Mikrobølgen, Oslo","Mikrobølgen 5, 1151 Oslo",Oslo,Oslo,59.86657,10.81222,Oslo kommune
344,"Mogata, Oslo","Mogata 20B, 0464 Oslo",Oslo,Oslo,59.93843,10.75583,Oslo kommune
995,"Motor Forum Risløkka, Oslo","Østre Aker vei 62, 0581 Oslo",Oslo,Oslo,59.93358,10.82853,Mitsubishi Motors Norge AS
5890,Motor Gruppen Import AS,"Østre Aker vei 62, 0581 Oslo",Oslo,Oslo,59.9339,10.82925,Charge365
219,"MoveAbout UiO, Oslo","Problemveien 13, 0316 Oslo",Oslo,Oslo,59.94121,10.72133,Universitetet i Oslo
1293,"Munkedamsveien P-hus, Oslo","Munkedamsveien 37, 0250 Oslo",Oslo,Oslo,59.91158,10.7254,Pecunia Parkering AS
1885,Myntgata,"Grev Wedels plass 1, 0151 Oslo",Oslo,Oslo,59.90741,10.74406,Oslo kommune
6818,Møller Bil Grorud,"Jernkroken 11, 1055 Oslo",Oslo,Oslo,59.95492,10.89408,Møller Bil Grorud
2856,Møller Bil Oslo Vest,"Lilleakerveien 22, 0283 Oslo",Oslo,Oslo,59.91923,10.63349,Recharge
1376,"NP Bygg AS, Oslo","Tvetenveien 11, 0661 Oslo",Oslo,Oslo,59.91295,10.81111,NP Bygg AS
1206,"NRK Marienlyst Radiohuset, Oslo","Bjørnstjerne Bjørnsons plass 1, 0340 Oslo",Oslo,Oslo,59.93479,10.71759,NRK
90,"NRK Marienlyst, Oslo","Bjørnstjerne Bjørnsonsplass 1, 0340 Oslo",Oslo,Oslo,59.93571,10.7218,NRK
6433,Niels Juels gate 17-21,"Niels Juels gate 17-21, 0272 Oslo",Oslo,Oslo,59.91475,10.71259,Oslo kommune
1125,Niels Juels gate 47-51,"Niels Juels gate 47-51, 0259 Oslo",Oslo,Oslo,59.91904,10.71842,Oslo kommune
348,"Niels Juels gate/Skillebekk, Oslo","Niels Juels gate 4A, 0272 Oslo",Oslo,Oslo,59.91168,10.70937,Oslo kommune
3492,Nils Juels gate,"Nils Juels gate 21, 0271 Oslo",Oslo,Oslo,59.91529,10.7136,Oslo kommune
4665,Nordbygata P-hus,"Breigata 12, 0187 Oslo",Oslo,Oslo,59.91397,10.76191,Recharge/Q-Park
1110,"Nordkappgata/Torshov, Oslo","Nordkappgata 34, 0479 Oslo",Oslo,Oslo,59.93568,10.77531,Oslo kommune
6863,Nordlisletta,"Nordlisletta 22-24, 0952 Oslo",Oslo,Oslo,59.950865,10.877962,Oslo kommune
2515,Nordstjerneveien,"Nordstjerneveien , 0494 Oslo",Oslo,Oslo,59.96188,10.78963,Oslo kommune
1797,"Norges Idrettshøgskole, Oslo","Sognsveien 220, 0863 Oslo",Oslo,Oslo,59.96675,10.73182,Norges Idrettshøgskole
1660,"Norsk Vektertjeneste AS, Oslo","Smalvollveien 44, 0667 Oslo",Oslo,Oslo,59.91979,10.8372,Norsk Vektertjeneste AS
984,"Nydalen P-hus, Oslo","Nydalsveien 33, 0484 Oslo",Oslo,Oslo,59.94749,10.76727,EuroPark AS
3303,"Nylænde borettslag, Oslo","Nylænde 17, 1154 Oslo",Oslo,Oslo,59.87753,10.81667,Nylænde borettslag
197,Obs Alnabru,"Smalvollveien 65, 0667 Oslo",Oslo,Oslo,59.92313,10.8447,Coop / Power
4483,Obs Haugenstua,"Østre Aker Vei 264, 0977 Oslo",Oslo,Oslo,59.95493,10.90121,Mer
6864,Odins gate,"Odins gate 32-34, 0260 Oslo",Oslo,Oslo,59.921263,10.711653,Oslo kommune
4296,Ole Deviks vei 2,"Ole Deviks vei 2, 0606 Oslo",Oslo,Oslo,59.91328,10.82376,Q-Park
79,"Ole Vigs gate, Oslo","Ole Vigs gate 23, 0366 Oslo",Oslo,Oslo,59.92937,10.71812,Oslo kommune
3350,"Omsens gate, Oslo","Omsens gate 9a, 0478 Oslo",Oslo,Oslo,59.93496,10.76655,Oslo kommune
7242,Oppsal Senter,"Haakon Tveters vei 88, 0686 Oslo",Oslo,Oslo,59.8940496,10.8400613,Mer
82,"Oscars gate, Oslo","Oscars gate 26-30, 0352 Oslo",Oslo,Oslo,59.92143,10.72523,Oslo kommune
346,"Oskar Braatens Plass, Oslo","Sandakerveien 27, 0473 Oslo",Oslo,Oslo,59.9339,10.76166,Oslo kommune
3341,"Oskar Braathens gate, Oslo","Oskar Braathens gate 17, 0474 Oslo",Oslo,Oslo,59.93186,10.76387,Oslo kommune
7860,Oslo Central - Sentrum P-hus Supercharger,"C. J. Hambros plass , 0164 Oslo",Oslo,Oslo,59.91546,10.74101,Tesla
1067,"Oslo City U5, Oslo","Stenersgata 1, 0055 Oslo",Oslo,Oslo,59.91296,10.75218,Oslo City/Q-park
1375,Oslo Golfklubb,"Ankerveien 127, 0766 Oslo",Oslo,Oslo,59.9623,10.6388,Oslo Golfklubb
1630,Oslo Havn KF,"Akershusstranda 19, 0102 Oslo",Oslo,Oslo,59.90392,10.73871,Oslo Havn KF
7762,Oslo Kommune - Ringgata 4,"Ringgata 4, 0577 Oslo",Oslo,Oslo,59.91641,10.77419,Oslo kommune
48,Oslo S P-hus,"Jernbanetorget 1, 0154 Oslo",Oslo,Oslo,59.90925,10.75381,Recharge
3559,Oslo Taxi Bryn,"Nils Hansens vei 15, 0667 Oslo",Oslo,Oslo,59.91143,10.82148,Recharge
1147,"Oslo Vinterpark, Oslo","Tryvannsveien 64, 0791 Oslo",Oslo,Oslo,59.98742,10.66682,Tryvann Skisenter AS
915,"Oslotech, Oslo","Gaustadalleen 21, 0349 Oslo",Oslo,Oslo,59.94246,10.71751,Forskningsparken AS
6683,Otto Sogns vei,"Otto Sogns vei 5, 0681 Oslo",Oslo,Oslo,59.89923,10.81796,Oslo kommune
999,"Paleet P-hus, Oslo","Fred Olsens gate 6, 0152 Oslo",Oslo,Oslo,59.90994,10.74909,Onepark AS
6390,Paléet Parkering,"Strandgata 19, 0152 Oslo",Oslo,Oslo,59.91032,10.74928,EON
7459,Peder Ankers vei 11-13 Oslo kommune,"Peder Ankers vei 11-13, 0861 Oslo",Oslo,Oslo,59.9639751,10.7467693,Oslo kommune
71,"Per Kvibergs gate, Oslo","Per Kvibergs gate 29, 0478 Oslo",Oslo,Oslo,59.93704,10.76848,Oslo kommune
2516,Pilestredet,"Pilestredet 88-90, 0358 Oslo",Oslo,Oslo,59.93197,10.73048,Oslo kommune
1064,Pilestredet,"Pilestredet 33B, 0166 Oslo",Oslo,Oslo,59.91898,10.73613,Oslo kommune
7074,Pilestredet 86,"Pilestredet 86, 0354 Oslo",Oslo,Oslo,59.9308,10.73019,Oslo kommune
6304,Pilotveien 6,"Pilotveien 6, 0770 Oslo",Oslo,Oslo,59.95005,10.65878,Oslo kommune
1655,"Pingvin Klima AS, Oslo","Grensesvingen 9, 0661 Oslo",Oslo,Oslo,59.91465,10.79871,Pingvin Klima AS
5979,PlugPay Bro106,"Brobekkveien 106 C, 0582 Oslo",Oslo,Oslo,59.9265,10.83267,PlugPay
1890,"PowerPark, Skøyen i Oslo","Karenslyst allé 56, 0277 Oslo",Oslo,Oslo,59.92113,10.67675,Lade i Norge
3644,Prestegårdsveien 8,"Prestegårdsveien 8, 0851 Oslo",Oslo,Oslo,59.93848,10.72442,Phifa Consult AS
1761,"Professor Birkelands vei 32B, Oslo","Professor Birkelands vei 32B, 1081 Oslo",Oslo,Oslo,59.94187,10.88283,Professor Birkelands vei 32B
6865,Prost Hallings vei,"Prost Hallings vei 26, 0666 Oslo",Oslo,Oslo,59.91633,10.821617,Oslo kommune
151,"Proxll Malerhaugveien, Oslo","Malerhaugveien 25, 0661 Oslo",Oslo,Oslo,59.91639,10.79591,M 25 Eiendom / Proxll
2215,"Q-Park Mariboesgate, Oslo","Mariboesgate 6, 0183 Oslo",Oslo,Oslo,59.91679,10.75079,Q-Park
2219,"Q-Park Ruseløkkveien, Oslo","Ruseløkkveien 14, 0251 Oslo",Oslo,Oslo,59.91352,10.72825,Q-Park
1558,"Q-Park Sandakerveien 114, Oslo","Sandakerveien 114, 0484 Oslo",Oslo,Oslo,59.9475,10.7695,Q-Park
2105,"Q-Park Solli P-hus, Oslo","Solligata 2, 0254 Oslo",Oslo,Oslo,59.91428,10.71961,Q-Park
2221,Q-Park St. Olavs gate 35,"St. Olavs gate 35, 0166 Oslo",Oslo,Oslo,59.91786,10.73381,Q-Park
1033,"Q-Park Tjuvholmen, Oslo","Tjuvholmen , 0252 Oslo",Oslo,Oslo,59.90988,10.72188,Q-Park
928,"Q-Park Økernsenteret, Oslo","Økernveien 145, 0580 Oslo",Oslo,Oslo,59.92841,10.80392,Q-Park / Økern Sentrum Drift AS
2199,"Q-park Anker Hotell, Oslo","Storgata 55, 0182 Oslo",Oslo,Oslo,59.91709,10.75755,Q-park
2204,"Q-park Karenlyst Allè 9, Skøyen","Karenlyst Allè 9, 0278 Oslo",Oslo,Oslo,59.92052,10.68364,Q-park
2205,"Q-park Københavngata P-hus, Oslo","Københavngata 10, 0566 Oslo",Oslo,Oslo,59.92734,10.76693,Q-park
2206,"Q-park Petter Møllers vei, Oslo","Petter Møllers vei 2-5, 0585 Oslo",Oslo,Oslo,59.93164,10.79207,Q-park
1662,"Q-park Scandic Edderkoppen, Oslo","St. Olavs Plass 1, 0165 Oslo",Oslo,Oslo,59.91815,10.73982,Q-park/St. Olavs Plass 1 AS
3088,"Q-park Ullevål stadion (parkeringshus), Oslo","Sognsveien 75, 0855 Oslo",Oslo,Oslo,59.94875,10.73207,Q park
396,"Quality Hotel 33, Oslo","Østre Aker vei 33, 0581 Oslo",Oslo,Oslo,59.92914,10.81897,Q-Park/Q33 Hoteldrift AS
3277,"Radisson Blu Hotel, Oslo Alna","Tevlingveien 21, 1081 Oslo",Oslo,Oslo,59.9303,10.86944,Radisson Blu Hotel
1361,"Radiumhospitalet, Oslo","Ullernchaussen 70, 0379 Oslo",Oslo,Oslo,59.930949,10.661173,Radiumhospitalet / Helse Sør-Øst
3491,Rasmus Engers vei,"Rasmus Engers vei , 0956 Oslo",Oslo,Oslo,59.95301,10.85645,Oslo kommune
2517,"Refstad Allé (Aker sykehus), Oslo","Refstad Allé , 0586 Oslo",Oslo,Oslo,59.9408,10.79926,Oslo kommune
5579,Rema Ryensvingen,"Ryensvingen 5, 0680 Oslo",Oslo,Oslo,59.892336,10.805119,Recharge
2638,"Revierstredet, Oslo","Revierstredet , 0153 Oslo",Oslo,Oslo,59.90902,10.74018,Oslo kommune
3614,Rolf Hofmos gate,"Rolf Hofmos gate 23b, 0655 Oslo",Oslo,Oslo,59.91288,10.78861,Oslo kommune
3252,"Rommenhallen, Oslo","Karen Platous vei 31, 0988 Oslo",Oslo,Oslo,59.96736,10.91442,Ukjent
1834,Romsdalsgata,"Romsdalsgata 10, 0556 Oslo",Oslo,Oslo,59.92828,10.76373,Oslo kommune
2022,Rosenholm,"Rosenholmveien 24, 1252 Oslo",Oslo,Oslo,59.82375,10.79653,Oslo kommune
64,"Rosteds gate, Oslo","Rosteds gate 11-15, 0178 Oslo",Oslo,Oslo,59.91945,10.74952,Oslo kommune
6305,Rustadgrenda,"Rustadgrenda , 0693 Oslo",Oslo,Oslo,59.87432,10.84332,Oslo kommune
3347,Rustadsaga P-plass,"General Ruges vei 94, 0694 Oslo",Oslo,Oslo,59.87162,10.84896,Oslo kommune
1058,"Ryenbergveien/Vallhallveien, Oslo","Ryenbergveien 52, 0196 Oslo",Oslo,Oslo,59.90118,10.78546,Oslo kommune
3227,"Røa Senter, Oslo","Vækerøveien 205, 0751 Oslo",Oslo,Oslo,59.9479,10.64331,Røa Senter
6866,Rødtvetveien,"Rødtvetveien 24-28, 0955 Oslo",Oslo,Oslo,59.95367,10.861464,Oslo kommune
3493,"Røhrtsvei, Oslo","Røhrtsvei 35 A, 1181 Oslo",Oslo,Oslo,59.89888,10.7845,Oslo kommune
6873,Røverkollen borettslag,"Sverre Iversens vei 25, 0972 Oslo",Oslo,Oslo,59.970621,10.896712,Recharge
190,Saga P-hus,"Munkedamsveien 3B, 0161 Oslo",Oslo,Oslo,59.91436,10.73136,Oslo kommune / Q-park
2303,"Sandaker Bydelssenter,Oslo","Sandakerveien 59, 0477 Oslo",Oslo,Oslo,59.93844,10.76847,q-park
1352,"Sandakerveien 24C - nedre, Oslo","Sandakerveien 24C, 0473 Oslo",Oslo,Oslo,59.93485,10.75985,Myren Eiendom AS?
4662,Sandakerveien 78,"Sandakerveien 78, 0484 Oslo",Oslo,Oslo,59.94375,10.77097,Q-Park
1571,"Sandefjordgata, Oslo","Sandefjordgata 1, 0464 Oslo",Oslo,Oslo,59.93875,10.75056,Oslo kommune
1633,"Sarpsborggata, Oslo","Sarpsborggata 1, 0468 Oslo",Oslo,Oslo,59.94193,10.75772,Oslo kommune
4704,Sats Vinderen,"Slemdalsveien 70, 0370 Oslo",Oslo,Oslo,59.94223,10.70349,Park Nordic
4294,Schouskvartalet P-hus,"Herslebsgate 5, 0561 Oslo",Oslo,Oslo,59.91923,10.76184,Q-Park
1608,Schultz gate,"Schultz gate 5, 0365 Oslo",Oslo,Oslo,59.92866,10.72317,Oslo kommune
4242,"Schultz gate 1, Oslo","Schultz gate 1, 0365 Oslo",Oslo,Oslo,59.92731,10.72019,Oslo kommune
2521,Schwachs gate,"Schwachs gate 2, 0364 Oslo",Oslo,Oslo,59.93222,10.72454,Oslo kommune
6494,Schønings gate,"Schønings gate 40-44, 0364 Oslo",Oslo,Oslo,59.93127,10.72027,Oslo kommune
84,"Seilduksgata, Oslo","Seilduksgata 20, 0553 Oslo",Oslo,Oslo,59.92556,10.75965,Oslo kommune
6421,Selvbyggerveien 133,"Selvbyggerveien 133, 0591 Oslo",Oslo,Oslo,59.95078,10.82375,Oslo kommune
6423,Selvbyggerveien 199,"Selvbyggerveien 199, 0591 Oslo",Oslo,Oslo,59.94392,10.82639,Oslo kommune
5709,Senter Syd Mortensrud,"Lofsrudveien 6, 1281 Oslo",Oslo,Oslo,59.84891,10.82835,Senter Syd Mortensrud
903,Sentrum P-hus (Ibsen),"C.J Hambros Plass 1, 0164 Oslo",Oslo,Oslo,59.91571,10.74248,Recharge
6453,Sexes gate,"Sexes gate 5, 0577 Oslo",Oslo,Oslo,59.91479,10.77185,Oslo kommune
3288,Shell Mortensrud,"Dalsåsen 4, 1285 Oslo",Oslo,Oslo,59.85012,10.83466,Recharge
6794,Sigrid Undsets vei,"Sigrid Undsets vei 3, 0669 Oslo",Oslo,Oslo,59.91094,10.83467,Oslo kommune
3340,"Sigrid Undsets vei, Oslo","Sigrid Undsets vei 2, 0669 Oslo",Oslo,Oslo,59.9181,10.83754,Oslo kommune
1798,"Skatteetaten, Oslo","Fredrik Selmers vei 4, 0663 Oslo",Oslo,Oslo,59.91454,10.80248,Entra Eiendom
7289,Skiforeningen/VM-huset,"Kongeveien 5, 0787 Oslo",Oslo,Oslo,59.96263,10.66628,Skiforeningen
345,Skovveien,"Skovveien 12, 0257 Oslo",Oslo,Oslo,59.91713,10.71708,Oslo kommune
3699,Skøyen,"Drammensveien 161, 0277 Oslo",Oslo,Oslo,59.92174,10.67641,Recharge
3345,Sletteløkka,"Sletteløkka 4a, 0597 Oslo",Oslo,Oslo,59.94584,10.8413,Oslo kommune
1145,"Sofienberggata, Oslo","Sofienberggata 8, 0551 Oslo",Oslo,Oslo,59.92242,10.75974,Oslo kommune
2518,"Sofies gate - Brageveien, Oslo","Sofies gate , 0454 Oslo",Oslo,Oslo,59.92975,10.73514,Oslo kommune
2280,"Sofies gate, Oslo","Sofies gate 52, 0168 Oslo",Oslo,Oslo,59.92661,10.73394,Oslo kommune
6542,Sognsvannsveien,"Sognsvannsveien 34, 0372 Oslo",Oslo,Oslo,59.95324,10.71562,Oslo kommune
6238,Solheimgata,"Solheimgata 1, 0267 Oslo",Oslo,Oslo,59.921412,10.703337,Oslo kommune
6419,Sons gate,"Sons gate 3A, 0654 Oslo",Oslo,Oslo,59.914519,10.779539,Oslo kommune
1210,"Soria Moria Hotell og Konferansesenter, Oslo","Voksenkollveien 60, 0790 Oslo",Oslo,Oslo,59.97544,10.65656,Soria Moria Hotell og Konferansesenter
1294,Spektrum P-hus,"Christian Krohgs gate 1-4, 0186 Oslo",Oslo,Oslo,59.91403,10.75682,Time Park AS
3342,"St. Jørgens vei, Oslo","St. Jørgens vei 16-32, 0662 Oslo",Oslo,Oslo,59.92254,10.79804,Oslo kommune
4663,St. Olavs Gate 27,"St. Olavs Gate 27, 0166 Oslo",Oslo,Oslo,59.91798,10.73605,Q-Park
1122,St. Olavs gate,"St. Olavs gate 12, 0165 Oslo",Oslo,Oslo,59.91808,10.74145,Oslo kommune
1663,"Statens Legemiddelverk, Oslo","Sven Oftedals vei 8, 0950 Oslo",Oslo,Oslo,59.94416,10.8592,Statens Legemiddelverk
228,"Statens arbeidsmiljøinstitutt, Oslo","Gydasvei 8, 0383 Oslo",Oslo,Oslo,59.93255,10.71514,Statens arbeidsmiljøinstitutt
2522,"Statsråd Mathiesens vei/Brobekkveien, Oslo","Statsråd Mathiesens vei 2, 0598 Oslo",Oslo,Oslo,59.94001,10.82784,Oslo kommune
225,Steenstrups gate,"Steenstrups gate 19, 0554 Oslo",Oslo,Oslo,59.92644,10.75598,Oslo kommune
1983,Steenstrups gate,"Steenstrups gate 8, 0552 Oslo",Oslo,Oslo,59.92421,10.75615,Oslo kommune
1530,"Stensberggata, Oslo","Stensberggata 23, 0170 Oslo",Oslo,Oslo,59.92117,10.73733,Oslo kommune
6428,Stensgata 36C,"Stensgata 36C, 0358 Oslo",Oslo,Oslo,59.93243,10.73259,Oslo kommune
2523,Stjerneblokkveien,"Stjerneblokkveien 1, 1083 Oslo",Oslo,Oslo,59.95107,10.88937,Oslo kommune
3346,Stjernemyrveien,"Stjernemyrveien 36, 0673 Oslo",Oslo,Oslo,59.9194,10.85862,Oslo kommune
6543,Stockfleths gate,"Stockfleths gate 40-48, 0461 Oslo",Oslo,Oslo,59.93474,10.75211,Oslo kommune
2694,Stockholmgata,"Stockholmgata 27, 0568 Oslo",Oslo,Oslo,59.92771,10.77031,Oslo kommune
360,"Stolmakergata, Oslo","Stolmakergata , 0551 Oslo",Oslo,Oslo,59.92061,10.75647,Oslo kommune
1523,"Storo Storsenter, Oslo","Vitaminveien 9, 0485 Oslo",Oslo,Oslo,59.9471,10.77364,Time Park AS / Recharge
5197,Storotunet,"Vitaminveien 11, 0485 Oslo",Oslo,Oslo,59.94811,10.77176,Mer
6184,Stovner Senter,"Stovner Senter 3, 0985 Oslo",Oslo,Oslo,59.96024,10.92518,BKK
185,"Stovner Senter, Oslo","Stovner Senter 3, 0985 Oslo",Oslo,Oslo,59.96088,10.92487,Stovner Senter / Steen&Strøm
4689,"Sven Oftedalsvei 10, Utendørs parkeringsplass","Sven Oftedalsvei 10, 0950 Oslo",Oslo,Oslo,59.94345,10.85889,Mer
6867,Sverdrups gate,"Sverdrups gate 2-6, 0561 Oslo",Oslo,Oslo,59.919924,10.762685,Oslo kommune
72,"Sverresgate, Oslo","Sverresgate 17-25, 0652 Oslo",Oslo,Oslo,59.91139,10.77662,Oslo kommune
6415,Søren Jaabæks gate,"Søren Jaabæks gate 8D, 0460 Oslo",Oslo,Oslo,59.93305,10.75315,Oslo kommune
1896,"Sørkedalsveien, Oslo","Sørkedalsveien 150A, 0754 Oslo",Oslo,Oslo,59.94236,10.654927,Car park
1851,Sørligata,"Sørligata 10, 0577 Oslo",Oslo,Oslo,59.9141,10.77003,Oslo kommune
2223,"THUNE P-HUS, Oslo","Drammensveien 130, 0277 Oslo",Oslo,Oslo,59.92019,10.68745,Q-Park
7359,Taxi Olav Vs gate,"Olav Vs gate 1, 0161 Oslo",Oslo,Oslo,59.91379,10.73208,BKK
3495,Teknisk Museum,"Kjelsåsveien 143, 0491 Oslo",Oslo,Oslo,59.96587,10.781,Oslo kommune
2525,"Telemarksvingen, Kampen, Oslo","Telemarksvingen 21, 0655 Oslo",Oslo,Oslo,59.91329,10.78396,Oslo kommune
1401,"Tesla Service Center, Oslo","Verkseier Furulundsvei 16, 0668 Oslo",Oslo,Oslo,59.92831,10.85192,Tesla
1127,"Thomas Heftyes gate, Oslo","Thomas Heftyes gate 22, 0264 Oslo",Oslo,Oslo,59.91594,10.70384,Oslo kommune
6437,Thomles gate,"Thomles gate , 0270 Oslo",Oslo,Oslo,59.91358,10.71641,Oslo kommune
1812,"Thon Hotel Linne, Oslo","Statsråd Mathiesens vei 12, 0517 Oslo",Oslo,Oslo,59.93967,10.82927,Thon Hotel Linne
1528,Tidemands gate,"Tidemands gate , 0266 Oslo",Oslo,Oslo,59.92297,10.71066,Oslo kommune
2524,Tokeruddalen,"Tokeruddalen , 0988 Oslo",Oslo,Oslo,59.96553,10.91842,Oslo kommune
1129,"Trondheimsveien/Carl Berners plass, Oslo","Trondheimsveien 84, 0565 Oslo",Oslo,Oslo,59.92421,10.77347,Oslo kommune
351,"Trondheimsveien/Hersleb, Oslo","Trondheimsveien 7, 0569 Oslo",Oslo,Oslo,59.91872,10.76248,Oslo kommune
6427,Trudvangveien 21-23,"Trudvangveien 21-23, 0363 Oslo",Oslo,Oslo,59.9315425,10.7166351,Oslo kommune
4295,Trygve Lies plass 1,"Trygve Lies plass 1, 1051 Oslo",Oslo,Oslo,59.9417,10.89748,Q-Park
6868,Tråkka,"Tråkka 30-34, 0561 Oslo",Oslo,Oslo,59.951824,10.681616,Oslo kommune
186,"Tveita Senter, Oslo","Tvetenveien 150, 0671 Oslo",Oslo,Oslo,59.91481,10.84257,Tveita Senter / OBOS
3334,"Tøyen, Oslo","Monrads gate 13A, 0564 Oslo",Oslo,Oslo,59.91851,10.77435,Recharge
6869,Ullern Flerbrukshall,"Lysehagan 61, 0383 Oslo",Oslo,Oslo,59.927623,10.63062,Oslo kommune
3617,Ullern allé,"Ullern alle 41, 0381 Oslo",Oslo,Oslo,59.92854,10.64718,Oslo kommune
250,"Ullevål Stadion, Oslo","Sognsveien 73, 0855 Oslo",Oslo,Oslo,59.94813,10.73321,AS Ullevaal Stadion
2323,"Ullveien, Voksenåsen, Oslo","Ullveien 4, 0791 Oslo",Oslo,Oslo,59.97518,10.6654,Recharge
6870,Ulsrud t-bane,"Ulsrudveien 37, 0687 Oslo",Oslo,Oslo,59.890264,10.850186,Oslo kommune
99,Universitetet i Oslo,"Sem Sælandsvei , 0371 Oslo",Oslo,Oslo,59.93769,10.71852,Universitetet i Oslo
1128,Urtegata/Tøyen,"Urtegata 11, 0187 Oslo",Oslo,Oslo,59.91476,10.76446,Oslo kommune
1657,"Utenriksdepartementet, Oslo","Victoria Terrasse 7, 0251 Oslo",Oslo,Oslo,59.91434,10.72922,Utenriksdepartementet
6781,Valhallveien,"Valhallveien 9, 0196 Oslo",Oslo,Oslo,59.90106,10.78737,Oslo kommune
6417,Vestgrensa 5,"Vestgrensa 5, 0851 Oslo",Oslo,Oslo,59.94299,10.72775,Oslo kommune
4988,Vestgrensa studentby,"Trimveien 4 , 0372 Oslo",Oslo,Oslo,59.9461,10.72431,Studentsamskipnaden i Oslo og Akershus
7245,Vestlitoppen Borettslag,"Ragnhild Schibbyes vei 54, 0968 Oslo",Oslo,Oslo,59.9739548,10.9297167,Cloudcharge
7883,Vestlitoppen borettslag,"Ragnhild Schibbyesvei 62, 0968 Oslo",Oslo,Oslo,59.97394,10.92972,Cloudcharge
3348,Vestre Haugen,"Vestre Haugen 21, 1054 Oslo",Oslo,Oslo,59.95001,10.89659,Oslo kommune
2520,Vestre Haugen p-plass,"Vestre Haugen p-plass , 1084 Oslo",Oslo,Oslo,59.94825,10.90221,Oslo kommune
997,"Vestre Vika P-hus, Oslo","Dronning Mauds gate 10-11, 0250 Oslo",Oslo,Oslo,59.91321,10.72935,EuroPark AS
6544,Vibes gate,"Vibes gate 23, 0356 Oslo",Oslo,Oslo,59.92777,10.72614,Oslo kommune
3595,Vigelandsmuseet P-plass,"Halvdan Svartesgate 50, 0268 Oslo",Oslo,Oslo,59.92343,10.70122,Oslo kommune
191,"Voldsløkka, Oslo","Stavangergata 42, 0467 Oslo",Oslo,Oslo,59.94299,10.75581,Hafslund
6426,Von der Lippes gate 15-17,"Von der Lippes gate 15-17, 0454 Oslo",Oslo,Oslo,59.93156,10.74026,Oslo kommune
1526,Vossegata,"Vossegata 18, 0475 Oslo",Oslo,Oslo,59.93118,10.76898,Oslo kommune
3805,"Vulkan, Oslo","Maridalsveien 15, 0182 Oslo",Oslo,Oslo,59.92338,10.75169,Oslo kommune
4664,Vålerenga P-hus,"Innspurten 16E, 0663 Oslo",Oslo,Oslo,59.92044,10.80604,Q-Park
1057,Vålerenga kjerke,"Hjaltlandsgata , 0658 Oslo",Oslo,Oslo,59.90772,10.78875,Oslo kommune
2519,"Vålerenggata, Oslo","Vålerenggata 1, 0657 Oslo",Oslo,Oslo,59.90731,10.78293,Oslo kommune
1570,Vøyensvingen,"Vøyensvingen 7, 0458 Oslo",Oslo,Oslo,59.930482,10.7527918,Oslo kommune
58,"Welhavens gate, Oslo","Welhavens gate 1-5, 0166 Oslo",Oslo,Oslo,59.9198,10.73373,Oslo kommune
6708,Wilhelm Færdens vei,"Wilhelm Færdens vei 110C, 0361 Oslo",Oslo,Oslo,59.93403,10.72561,Oslo kommune
3440,YX 7-Eleven Bekkelaget,"Mosseveien 147, 0198 Oslo",Oslo,Oslo,59.88014,10.77358,Recharge
6871,Åsengata,"Åsengata 36-42, 0481 Oslo",Oslo,Oslo,59.9392961,10.7735362,Oslo kommune
6306,Åsensvingen,"Åsensvingen 7, 0488 Oslo",Oslo,Oslo,59.94097,10.78621,Oslo kommune
3394,Åslandhellinga 273-449,"Åslandhellinga 273-449, 1274 Oslo",Oslo,Oslo,59.82371,10.84286,Furumoen boligsameie 3
1284,"Økern Næringspark, Oslo","Kabelgaten 8, 0580 Oslo",Oslo,Oslo,59.92737,10.81452,Q-Park
6027,Østerdalsgata,"Østerdalsgata 1G, 0658 Oslo",Oslo,Oslo,59.91039,10.7894,Oslo kommune
340,"Øvre Vollgate, Oslo","Øvre Vollgate , 0158 Oslo",Oslo,Oslo,59.91119,10.73699,Oslo kommune
6735,Øvrefoss,"Øvrefoss 2, 0554 Oslo",Oslo,Oslo,59.92717,10.7562,Oslo kommune